﻿Designator,Footprint,Quantity,Value,LCSC Part #
J1,"TerminalBlock_Phoenix_PT-1,5-3-3.5-H_1x03_P3.50mm_Horizontal",1,SDI-12,
J2,PinHeader_2x08_P2.54mm_Vertical,1,Unused Pin,
"J4, J5","TerminalBlock_Phoenix_PT-1,5-2-3.5-H_1x02_P3.50mm_Horizontal",2,Screw_Terminal_01x02,
J6,"TerminalBlock_Phoenix_PT-1,5-8-3.5-H_1x08_P3.50mm_Horizontal",1,Screw_Terminal_01x08,
"R1, R2",0805,2,10k,
R3,0805,1,220,
R4,0805,1,1k,
U1,SOT-353_SC-70-5,1,74AHC1G00,
U2,SSOP-8_2.95x2.8mm_P0.65mm,1,74LVC2G241,
U3,DIP-4_W7.62mm,1,PC817,
